{
    "uvs":[],
    "normals":[-1,0,0,0,-1,0,1,0,0,0,1,-0,0,0,1,-0,0,-1,-1,0,-0,0,-1,-0,1,0,0,0,1,-0,-0,0,1,-1,0,-0,0,-1,-0,0,0,1,0,-1,0,0,1,0,0,0,1,-0,0,-1,0,-1,0,0,0,1,0,-0,-1,0,-1,0,0,1,-0],
    "faces":[35,2,0,1,3,0,0,0,0,0,35,3,7,6,2,0,1,1,1,1,35,7,5,4,6,0,2,2,2,2,35,0,4,5,1,0,3,3,3,3,35,0,2,6,4,0,4,4,4,4,35,5,7,3,1,0,5,5,5,5,35,9,11,10,8,0,6,6,6,6,35,11,15,14,10,0,7,7,7,7,35,15,13,12,14,0,8,8,8,8,35,13,9,8,12,0,9,9,9,9,35,8,10,14,12,0,10,10,10,10,35,13,15,11,9,0,5,5,5,5,35,17,19,18,16,0,11,11,11,11,35,19,23,22,18,0,12,12,12,12,35,23,21,20,22,0,2,2,2,2,35,21,17,16,20,0,9,9,9,9,35,16,18,22,20,0,13,13,13,13,35,21,23,19,17,0,5,5,5,5,35,25,27,26,24,0,6,6,6,6,35,27,31,30,26,0,14,14,14,14,35,31,29,28,30,0,8,8,8,8,35,29,25,24,28,0,15,15,15,15,35,24,26,30,28,0,16,16,16,16,35,29,31,27,25,0,17,17,17,17,35,33,35,34,32,0,6,6,6,6,35,35,39,38,34,0,18,18,18,18,35,39,37,36,38,0,8,8,8,8,35,37,33,32,36,0,9,9,9,9,35,32,34,38,36,0,19,19,19,19,35,37,39,35,33,0,20,20,20,20,35,41,43,42,40,1,11,11,11,11,35,43,47,46,42,1,21,21,21,21,35,47,45,44,46,1,2,2,2,2,35,45,41,40,44,1,22,22,22,22,35,40,42,46,44,1,10,10,10,10,35,45,47,43,41,0,5,5,5,5],
    "vertices":[-0.424516,0.204998,0.432056,-0.424516,1.09347,0.432056,-0.424516,0.204998,-0.456418,-0.424516,1.09347,-0.456418,0.463958,0.204998,0.432056,0.463958,1.09347,0.432056,0.463958,0.204998,-0.456418,0.463958,1.09347,-0.456418,-0.139706,0.563028,0.152288,-0.139706,1.24467,0.152288,-0.139706,0.563028,-0.529352,-0.139706,1.24467,-0.529352,0.541934,0.563028,0.152288,0.541934,1.24467,0.152288,0.541934,0.563028,-0.529352,0.541934,1.24467,-0.529352,-0.370688,0.461325,-0.064099,-0.370688,1.14296,-0.064099,-0.370688,0.461325,-0.745739,-0.370688,1.14296,-0.745739,0.310952,0.461325,-0.064099,0.310952,1.14296,-0.064099,0.310952,0.461325,-0.745739,0.310952,1.14296,-0.745739,-0.284523,0.417065,0.727404,-0.284523,1.09871,0.727404,-0.284523,0.417065,0.045764,-0.284523,1.09871,0.045764,0.397116,0.417065,0.727404,0.397116,1.09871,0.727404,0.397116,0.417065,0.045764,0.397116,1.09871,0.045764,-0.497252,0.36084,0.346376,-0.497252,1.04248,0.346376,-0.497252,0.36084,-0.335263,-0.497252,1.04248,-0.335263,0.184388,0.36084,0.346376,0.184388,1.04248,0.346376,0.184388,0.36084,-0.335263,0.184388,1.04248,-0.335263,-0.156761,0.001191,0.1662,-0.156761,0.31512,0.1662,-0.156761,0.001191,-0.147729,-0.156761,0.31512,-0.147729,0.157168,0.001191,0.1662,0.157168,0.31512,0.1662,0.157168,0.001191,-0.147729,0.157168,0.31512,-0.147729],
    "name":"Cube.001Geometry",
    "materials":[{
        "DbgColor":15597568,
        "wireframe":false,
        "DbgIndex":1,
        "colorEmissive":[0,0,0],
        "DbgName":"bush.crown",
        "depthWrite":true,
        "depthTest":true,
        "transparent":false,
        "opacity":1,
        "colorSpecular":[0.5,0.5,0.5],
        "blending":"NormalBlending",
        "visible":true,
        "shading":"phong",
        "colorDiffuse":[0.024271,0.64,0.050883],
        "specularCoef":50
    },{
        "DbgColor":15658734,
        "wireframe":false,
        "DbgIndex":0,
        "colorEmissive":[0,0,0],
        "DbgName":"bush.trunk",
        "depthWrite":true,
        "depthTest":true,
        "transparent":false,
        "opacity":1,
        "colorSpecular":[0.5,0.5,0.5],
        "blending":"NormalBlending",
        "visible":true,
        "shading":"phong",
        "colorDiffuse":[0.64,0.110037,0.025377],
        "specularCoef":50
    }],
    "metadata":{
        "faces":36,
        "vertices":48,
        "version":3,
        "uvs":0,
        "generator":"io_three",
        "materials":2,
        "normals":23,
        "type":"Geometry"
    }
}