{
    "metadata":{
        "uvs":0,
        "type":"Geometry",
        "version":3,
        "generator":"io_three",
        "normals":2,
        "faces":16,
        "vertices":25,
        "materials":2
    },
    "name":"GroundGeometry.1",
    "uvs":[],
    "materials":[{
        "visible":true,
        "blending":"NormalBlending",
        "wireframe":false,
        "colorSpecular":[0.5,0.5,0.5],
        "DbgIndex":1,
        "DbgName":"ground.dark",
        "transparent":false,
        "colorDiffuse":[0.328751,0.328751,0.328751],
        "DbgColor":15597568,
        "shading":"phong",
        "depthWrite":true,
        "depthTest":true,
        "opacity":1,
        "specularCoef":50,
        "colorEmissive":[0,0,0]
    },{
        "visible":true,
        "blending":"NormalBlending",
        "wireframe":false,
        "colorSpecular":[0.5,0.5,0.5],
        "DbgIndex":0,
        "DbgName":"ground.light",
        "transparent":false,
        "colorDiffuse":[0.64,0.64,0.64],
        "DbgColor":15658734,
        "shading":"phong",
        "depthWrite":true,
        "depthTest":true,
        "opacity":1,
        "specularCoef":50,
        "colorEmissive":[0,0,0]
    }],
    "vertices":[-0.5,-0,-0.5,-0.5,-0,-0.398734,-0.405063,-0,-0.5,-0.405063,-0,-0.398734,0.5,-0,-0.5,0,-0,-0.5,0.5,-0,-0.398734,0,-0,-0.398734,0.405063,-0,-0.5,0.405063,-0,-0.398734,-0.5,0,0,-0.5,0,0.5,-0.5,0,0.398734,-0.405063,0,0,-0.405063,0,0.5,-0.405063,0,0.398734,0.5,0,0,0,0,0,0.5,0,0.5,0,0,0.5,0.5,0,0.398734,0,0,0.398734,0.405063,0,0,0.405063,0,0.5,0.405063,0,0.398734],
    "normals":[0,-0,-1,0,-0,-1],
    "faces":[35,3,7,5,2,0,0,0,0,0,35,13,17,7,3,1,1,1,1,1,35,10,13,3,1,0,1,1,1,1,35,2,0,1,3,0,1,1,1,1,35,9,8,5,7,0,0,0,0,0,35,22,9,7,17,1,1,1,1,1,35,16,6,9,22,0,1,1,1,1,35,6,4,8,9,0,1,1,1,1,35,15,14,19,21,0,0,0,0,0,35,13,15,21,17,1,1,1,1,1,35,10,12,15,13,0,1,1,1,1,35,12,11,14,15,0,1,1,1,1,35,24,21,19,23,0,0,0,0,0,35,22,17,21,24,1,1,1,1,1,35,16,22,24,20,0,1,1,1,1,35,20,24,23,18,0,1,1,1,1]
}