{
    "materials":[{
        "DbgColor":15658734,
        "wireframe":false,
        "DbgIndex":0,
        "colorEmissive":[0,0,0],
        "DbgName":"pinetree.trunk",
        "depthWrite":true,
        "depthTest":true,
        "transparent":false,
        "opacity":1,
        "colorSpecular":[0.5,0.5,0.5],
        "blending":"NormalBlending",
        "visible":true,
        "shading":"phong",
        "colorDiffuse":[0.186412,0.081428,0.009613],
        "specularCoef":50
    },{
        "DbgColor":15597568,
        "wireframe":false,
        "DbgIndex":1,
        "colorEmissive":[0,0,0],
        "DbgName":"pinetree.crown",
        "depthWrite":true,
        "depthTest":true,
        "transparent":false,
        "opacity":1,
        "colorSpecular":[0.5,0.5,0.5],
        "blending":"NormalBlending",
        "visible":true,
        "shading":"phong",
        "colorDiffuse":[0.015215,0.64,0.037244],
        "specularCoef":50
    }],
    "normals":[0,0,1,1,0,-0,-0,1,0,-1,-0,0,0,-1,-0,-0,0,1,-0.008389,0.883751,-0.467883,0.883751,0.008389,-0.467883,-0.883751,-0.008389,-0.467883,0.008389,-0.883751,-0.467883,-0.008389,0.883751,-0.467883,0.883751,0.008389,-0.467883,-0.883751,-0.008389,-0.467883,0.008389,-0.883751,-0.467883,-0.008389,0.883751,-0.467883,0.883751,0.008389,-0.467883,-0.883751,-0.008389,-0.467883,0.008389,-0.883751,-0.467883,-0.008389,0.883751,-0.467883,0.883751,0.008389,-0.467883,-0.883751,-0.008389,-0.467883,0.008389,-0.883751,-0.467883],
    "faces":[35,0,1,2,3,0,0,0,0,0,35,0,4,5,1,0,1,1,1,1,35,1,5,6,2,0,2,2,2,2,35,2,6,7,3,0,3,3,3,3,35,4,0,3,7,0,4,4,4,4,35,8,9,10,11,1,5,5,5,5,34,15,14,13,1,6,6,6,34,16,14,15,1,7,7,7,34,13,14,12,1,8,8,8,34,12,14,16,1,9,9,9,34,20,19,18,1,10,10,10,34,21,19,20,1,11,11,11,34,18,19,17,1,12,12,12,34,17,19,21,1,13,13,13,34,25,24,23,1,14,14,14,34,26,24,25,1,15,15,15,34,23,24,22,1,16,16,16,34,22,24,26,1,17,17,17,34,30,29,28,1,18,18,18,34,31,29,30,1,19,19,19,34,28,29,27,1,20,20,20,34,27,29,31,1,21,21,21],
    "vertices":[0.211501,0.005663,-0.211501,0.211501,0.005663,0.211501,-0.211501,0.005663,0.211501,-0.211501,0.005663,-0.211501,0.211501,0.904771,-0.211501,0.211501,0.904771,0.211501,-0.211501,0.904771,0.211501,-0.211501,0.904771,-0.211501,0.814655,0.471222,-0.799335,0.799335,0.471222,0.814655,-0.814656,0.471222,0.799335,-0.799335,0.471222,-0.814655,-0.799335,0.471222,-0.814655,-0.814656,0.471222,0.799335,-0,1.99564,-0,0.799335,0.471222,0.814655,0.814655,0.471222,-0.799335,-0.610116,1.34851,-0.62181,-0.62181,1.34851,0.610116,-0,2.51206,-0,0.610116,1.34851,0.62181,0.62181,1.34851,-0.610116,-0.442027,2.15765,-0.450499,-0.450499,2.15765,0.442027,-0,3.00064,-0,0.442027,2.15765,0.450499,0.450499,2.15765,-0.442027,-0.33151,2.74656,-0.337864,-0.337864,2.74656,0.331509,-0,3.37878,-0,0.331509,2.74656,0.337863,0.337863,2.74656,-0.33151],
    "name":"CubeGeometry.1",
    "metadata":{
        "generator":"io_three",
        "materials":2,
        "normals":22,
        "faces":22,
        "vertices":32,
        "version":3,
        "type":"Geometry"
    }
}