{
    "metadata":{
        "version":3,
        "faces":12,
        "generator":"io_three",
        "materials":2,
        "type":"Geometry",
        "normals":10,
        "vertices":16
    },
    "faces":[35,2,0,1,3,0,0,0,0,0,35,3,7,6,2,0,1,1,1,1,35,7,5,4,6,0,2,2,2,2,35,0,4,5,1,0,3,3,3,3,35,0,2,6,4,0,4,4,4,4,35,5,7,3,1,0,5,5,5,5,35,9,11,10,8,1,6,6,6,6,35,11,15,14,10,1,7,7,7,7,35,15,13,12,14,1,2,2,2,2,35,13,9,8,12,1,8,8,8,8,35,8,10,14,12,1,9,9,9,9,35,13,15,11,9,1,5,5,5,5],
    "materials":[{
        "shading":"lambert",
        "depthWrite":true,
        "blending":"NormalBlending",
        "colorEmissive":[0,0,0],
        "DbgColor":15658734,
        "depthTest":true,
        "opacity":1,
        "DbgName":"tree.crown",
        "visible":true,
        "wireframe":false,
        "colorDiffuse":[0.132868,0.496933,0.144129],
        "transparent":false,
        "DbgIndex":0
    },{
        "shading":"lambert",
        "depthWrite":true,
        "blending":"NormalBlending",
        "colorEmissive":[0,0,0],
        "DbgColor":15597568,
        "depthTest":true,
        "opacity":1,
        "DbgName":"tree.trunk",
        "visible":true,
        "wireframe":false,
        "colorDiffuse":[0.266356,0.155926,0.124772],
        "transparent":false,
        "DbgIndex":1
    }],
    "name":"treeGeometry",
    "normals":[-1,0,0,0,-1,0,1,0,0,0,1,-0,0,0,1,-0,0,-1,-1,0,-0,0,-1,0,0,1,-0,-0,0,1],
    "vertices":[-0.4,1,0.4,-0.4,1.8,0.4,-0.4,1,-0.4,-0.4,1.8,-0.4,0.4,1,0.4,0.4,1.8,0.4,0.4,1,-0.4,0.4,1.8,-0.4,-0.075,0,0.1,-0.075,1,0.1,-0.075,0,-0.1,-0.075,1,-0.1,0.075,0,0.1,0.075,1,0.1,0.075,0,-0.1,0.075,1,-0.1]
}